时间,新关注人数,取消关注人数,净增关注人数,累积关注人数
2015/4/1,23,2,21,421
2015/4/2,15,0,15,437
2015/4/3,23,0,23,459
2015/4/4,12,0,12,471
2015/4/5,18,0,18,489
2015/4/6,15,3,12,503
2015/4/7,18,1,17,518
2015/4/8,15,2,13,0
2015/4/9,14,0,14,546
2015/4/10,12,0,12,556
2015/4/11,44,1,43,599
2015/4/12,14,1,13,614
2015/4/13,18,0,18,632
2015/4/14,20,1,19,650
2015/4/15,22,0,22,672
2015/4/16,21,0,21,693
2015/4/17,14,1,13,705
2015/4/18,8,0,8,714
2015/4/19,15,1,14,726
2015/4/20,15,1,14,741
2015/4/21,19,1,18,759
2015/4/22,11,2,9,770
2015/4/23,12,1,11,780
2015/4/24,11,0,11,793
2015/4/25,15,1,14,806
2015/4/26,5,0,5,811
2015/4/27,13,1,12,821
2015/4/28,18,5,13,835
2015/4/29,14,2,12,846
2015/4/30,6,0,6,852
2015/5/1,10,1,9,852
2015/5/2,11,1,10,872
2015/5/3,11,2,9,881
2015/5/4,14,1,13,893
2015/5/5,14,2,12,907
2015/5/6,14,1,13,918
2015/5/7,9,0,9,918
2015/5/8,21,2,19,946
2015/5/9,12,3,9,956
2015/5/10,8,3,5,962
2015/5/11,19,0,19,979
2015/5/12,26,1,25,1006
2015/5/13,19,1,18,1023
2015/5/14,12,2,10,1036
2015/5/15,11,3,8,1042
2015/5/16,5,1,4,1043
2015/5/17,10,1,9,1054
2015/5/18,11,1,10,1064
2015/5/19,23,3,20,1083
2015/5/20,4,1,3,1087
2015/5/21,14,3,11,1097
2015/5/22,17,2,15,1112
2015/5/23,9,1,8,1121
2015/5/24,12,2,10,1130
2015/5/25,12,2,10,1143
2015/5/26,23,2,21,1162
2015/5/27,16,1,15,1176
2015/5/28,11,0,11,1187
2015/5/29,10,1,9,1197
2015/5/30,9,1,8,1203
2015/5/31,11,1,10,1216
2015/6/1,12,0,12,1228
2015/6/2,17,1,16,1242
2015/6/3,17,1,16,1258
2015/6/4,13,4,9,1267
2015/6/5,20,1,19,1290
2015/6/6,20,5,15,1302
2015/6/7,22,3,19,1322
2015/6/8,14,3,11,1331
2015/6/9,18,2,16,1347
2015/6/10,22,2,20,1367
2015/6/11,20,1,19,1387
2015/6/12,21,0,21,1407
2015/6/13,11,1,10,1419
2015/6/14,11,2,9,1425
2015/6/15,15,3,12,1438
2015/6/16,20,6,14,1453
2015/6/17,19,1,18,1470
2015/6/18,19,3,16,1487
2015/6/19,14,1,13,1499
2015/6/20,5,0,5,1504
2015/6/21,10,2,8,1513
2015/6/22,17,0,17,1529
2015/6/23,11,1,10,1541
2015/6/24,21,1,20,1562
2015/6/25,10,0,10,1569
2015/6/26,14,3,11,1581
2015/6/27,12,0,12,1593
2015/6/28,12,1,11,1603
2015/6/29,10,2,8,1611
2015/6/30,11,7,4,1616
2015/7/1,24,4,20,1636
2015/7/2,9,3,6,1641
2015/7/3,13,2,11,1652
2015/7/4,16,7,9,1661
2015/7/5,11,4,7,1669
2015/7/6,20,1,19,1687
2015/7/7,20,1,19,1705
2015/7/8,14,1,13,1718
2015/7/9,17,1,16,1735
2015/7/10,12,1,11,1746
2015/7/11,10,0,10,1755
2015/7/12,20,5,15,1770
2015/7/13,18,2,16,1786
2015/7/14,25,4,21,1807
2015/7/15,9,0,9,1816
2015/7/16,26,2,24,1840
2015/7/17,11,2,9,1850
2015/7/18,11,4,7,1860
2015/7/19,16,0,16,1872
2015/7/20,12,2,10,1882
2015/7/21,14,1,13,1897
2015/7/22,19,7,12,1907
2015/7/23,15,1,14,1921
2015/7/24,11,3,8,1929
2015/7/25,19,2,17,1946
2015/7/26,15,0,15,1961
2015/7/27,14,3,11,1973
2015/7/28,17,4,13,1986
2015/7/29,26,3,23,2009
2015/7/30,23,6,17,2025
2015/7/31,13,2,11,2037
2015/8/1,10,2,8,2044
2015/8/2,17,3,14,2058
2015/8/3,14,2,12,2071
2015/8/4,18,2,16,2086
2015/8/5,14,9,5,2091
2015/8/6,12,0,12,2103
2015/8/7,15,3,12,2115
2015/8/8,15,1,14,2131
2015/8/9,12,3,9,2140
2015/8/10,15,3,12,2150
2015/8/11,16,2,14,2166
2015/8/12,22,2,20,2184
2015/8/13,22,2,20,2205
2015/8/14,20,3,17,2223
2015/8/15,23,2,21,2245
2015/8/16,14,1,13,2255
2015/8/17,27,2,25,2280
2015/8/18,19,1,18,2298
2015/8/19,23,6,17,2316
2015/8/20,18,4,14,2330
2015/8/21,21,4,17,2346
2015/8/22,17,3,14,2362
2015/8/23,85,1,84,2444
2015/8/24,58,3,55,2500
2015/8/25,35,8,27,2527
2015/8/26,26,6,20,2547
2015/8/27,28,3,25,2572
2015/8/28,24,4,20,2593
2015/8/29,24,2,22,2615
2015/8/30,24,4,20,2634
2015/8/31,36,3,33,2670
2015/9/1,29,6,23,2688
2015/9/2,28,3,25,2716
2015/9/3,20,1,19,2733
2015/9/4,19,3,16,2749
2015/9/5,15,3,12,2765
2015/9/6,28,7,21,2782
2015/9/7,20,5,15,2802
2015/9/8,23,2,21,2821
2015/9/9,38,5,33,2851
2015/9/10,32,1,31,2873
2015/9/11,26,7,19,2893
2015/9/12,24,3,21,2915
2015/9/13,17,1,16,2933
2015/9/14,44,11,33,2966
2015/9/15,40,3,37,3002
2015/9/16,37,4,33,3034
2015/9/17,30,4,26,3060
2015/9/18,34,3,31,3091
2015/9/19,32,2,30,3121
2015/9/20,30,4,26,3148
2015/9/21,18,1,17,3163
2015/9/22,30,6,24,3186
2015/9/23,46,5,41,3229
2015/9/24,33,8,25,3255
2015/9/25,34,6,28,3282
2015/9/26,32,5,27,3310
2015/9/27,18,6,12,3321
2015/9/28,27,1,26,3349
2015/9/29,30,2,28,3375
2015/9/30,29,2,27,3403
2015/10/1,24,3,21,3423
2015/10/2,18,3,15,3440
2015/10/3,17,2,15,3454
2015/10/4,22,10,12,3469
2015/10/5,39,5,34,3501
2015/10/6,27,3,24,3525
2015/10/7,28,3,25,3551
2015/10/8,23,4,19,3570
2015/10/9,28,5,23,3591
2015/10/10,33,6,27,3619
2015/10/11,29,5,24,3645
2015/10/12,29,5,24,3666
2015/10/13,27,5,22,3690
2015/10/14,29,4,25,3712
2015/10/15,27,9,18,3732
2015/10/16,18,4,14,3746
2015/10/17,27,3,24,3770
2015/10/18,39,7,32,3802
2015/10/19,33,4,29,3830
2015/10/20,31,5,26,3862
2015/10/21,39,3,36,3891
2015/10/22,37,5,32,3925
2015/10/23,26,8,18,3942
2015/10/24,32,6,26,3972
2015/10/25,32,3,29,4003
2015/10/26,28,3,25,4024
2015/10/27,31,2,29,4053
2015/10/28,24,3,21,4073
2015/10/29,28,1,27,4103
2015/10/30,32,5,27,4129
2015/10/31,23,2,21,4149
2015/11/1,20,3,17,4165
2015/11/2,28,2,26,4192
2015/11/3,41,6,35,4226
2015/11/4,46,5,41,4270
2015/11/5,41,4,37,4307
2015/11/6,64,10,54,4355
2015/11/7,30,2,28,4386
2015/11/8,27,3,24,4410
2015/11/9,44,2,42,4455
2015/11/10,28,2,26,4478
2015/11/11,26,3,23,4504
2015/11/12,46,4,42,4547
2015/11/13,35,6,29,4573
2015/11/14,41,2,39,4611
2015/11/15,39,6,33,4647
2015/11/16,48,3,45,4691
2015/11/17,44,4,40,4730
2015/11/18,49,2,47,4777
2015/11/19,58,4,54,4832
2015/11/20,28,2,26,4858
2015/11/21,40,5,35,4896
2015/11/22,37,2,35,4931
2015/11/23,42,1,41,4970
2015/11/24,44,3,41,5012
2015/11/25,65,4,61,5069
2015/11/26,28,4,24,5096
2015/11/27,26,3,23,5116
2015/11/28,27,3,24,5139
2015/11/29,56,18,38,5180
2015/11/30,39,4,35,5216
2015/12/1,59,6,53,5266
2015/12/2,53,6,47,5313
2015/12/3,44,4,40,5353
2015/12/4,38,5,33,5390
2015/12/5,43,1,42,5431
2015/12/6,32,0,32,5462
2015/12/7,31,6,25,5487
2015/12/8,30,3,27,5514
2015/12/9,44,3,41,5555
2015/12/10,38,3,35,5590
2015/12/11,27,3,24,5614
2015/12/12,27,4,23,5637
2015/12/13,42,2,40,5677
2015/12/14,35,6,29,5706
2015/12/15,54,7,47,5753
2015/12/16,47,5,42,5795
2015/12/17,48,8,40,5835
2015/12/18,39,5,34,5869
2015/12/19,40,3,37,5906
2015/12/20,28,2,26,5932
2015/12/21,40,6,34,5966
2015/12/22,38,2,36,6002
2015/12/23,54,7,47,6049
2015/12/24,30,4,26,6075
2015/12/25,24,5,19,6094
2015/12/26,37,6,31,6125
2015/12/27,46,6,40,6165
2015/12/28,51,6,45,6210
2015/12/29,35,4,31,6241
2015/12/30,45,4,41,6282
2015/12/31,22,5,17,6299
2016/1/1,16,3,13,6312
2016/1/2,21,8,13,6325
2016/1/3,33,3,30,6355
2016/1/4,44,7,37,6392
2016/1/5,21,5,16,6408
2016/1/6,55,12,43,6451
2016/1/7,37,12,25,6476
2016/1/8,32,9,23,6499
2016/1/9,31,8,23,6522
2016/1/10,33,1,32,6554
2016/1/11,37,10,27,6581
2016/1/12,35,6,29,6610
2016/1/13,33,7,26,6636
2016/1/14,39,4,35,6671
2016/1/15,26,6,20,6691
2016/1/16,38,3,35,6726
2016/1/17,40,8,32,6758
2016/1/18,46,7,39,6797
2016/1/19,34,5,29,6826
2016/1/20,30,8,22,6848
2016/1/21,37,7,30,6878
2016/1/22,23,1,22,6900
2016/1/23,28,5,23,6923
2016/1/24,34,5,29,6952
2016/1/25,44,1,43,6995
2016/1/26,25,3,22,7017
2016/1/27,33,5,28,7045
2016/1/28,34,7,27,7072
2016/1/29,20,5,15,7087
2016/1/30,31,2,29,7116
2016/1/31,18,6,12,7128
2016/2/1,28,7,21,7149
2016/2/2,24,3,21,7170
2016/2/3,22,5,17,7187
2016/2/4,24,3,21,7208
2016/2/5,17,11,6,7214
2016/2/6,19,4,15,7229
2016/2/7,6,5,1,7230
2016/2/8,12,4,8,7238
2016/2/9,14,2,12,7250
2016/2/10,11,14,-3,7247
2016/2/11,12,2,10,7257
2016/2/12,24,1,23,7280
2016/2/13,28,9,19,7299
2016/2/14,31,5,26,7325
2016/2/15,27,4,23,7348
2016/2/16,41,11,30,7378
2016/2/17,24,3,21,7399
2016/2/18,45,2,43,7442
2016/2/19,34,9,25,7467
2016/2/20,33,9,24,7491
2016/2/21,29,10,19,7510
2016/2/22,30,9,21,7531
2016/2/23,40,8,32,7563
2016/2/24,39,13,26,7589
2016/2/25,42,12,30,7619
2016/2/26,34,9,25,7644
2016/2/27,21,6,15,7659
2016/2/28,38,5,33,7692
2016/2/29,67,6,61,7753
2016/3/1,43,12,31,7784
2016/3/2,54,8,46,7830
2016/3/3,44,7,37,7867
2016/3/4,44,11,33,7900
2016/3/5,54,16,38,7938
2016/3/6,87,5,82,8020
2016/3/7,61,5,56,8076
2016/3/8,85,10,75,8151
2016/3/9,93,5,88,8239
2016/3/10,58,7,51,8290
2016/3/11,52,11,41,8331
2016/3/12,45,10,35,8366
2016/3/13,86,12,74,8440
2016/3/14,38,11,27,8467
2016/3/15,51,12,39,8506
2016/3/16,51,9,42,8548
2016/3/17,48,10,38,8586
2016/3/18,49,10,39,8625
2016/3/19,39,10,29,8654
2016/3/20,52,13,39,8693
2016/3/21,40,15,25,8718
2016/3/22,78,9,69,8787
2016/3/23,53,12,41,8828
2016/3/24,45,4,41,8869
2016/3/25,39,10,29,8898
2016/3/26,39,5,34,8932
2016/3/27,36,8,28,8960
2016/3/28,45,6,39,8999
2016/3/29,50,11,39,9038
2016/3/30,44,11,33,9071
2016/3/31,52,13,39,9110
2016/4/1,40,8,32,9142
2016/4/2,41,7,34,9176
2016/4/3,35,8,27,9203
2016/4/4,48,10,38,9241
2016/4/5,42,11,31,9272
2016/4/6,49,13,36,9308
2016/4/7,30,14,16,9324
2016/4/8,42,8,34,9358
2016/4/9,34,6,28,9386
2016/4/10,51,15,36,9422
2016/4/11,45,10,35,9457
2016/4/12,111,13,98,9555
2016/4/13,60,10,50,9605
2016/4/14,52,13,39,9644
2016/4/15,43,9,34,9678
2016/4/16,39,11,28,9706
2016/4/17,36,6,30,9736
2016/4/18,42,5,37,9773
2016/4/19,51,6,45,9818
2016/4/20,87,8,79,9897
2016/4/21,60,11,49,9946
2016/4/22,40,12,28,9974
2016/4/23,88,11,77,10051
2016/4/24,112,13,99,10150
2016/4/25,66,15,51,10201
2016/4/26,74,11,63,10264
2016/4/27,61,16,45,10309
2016/4/28,56,8,48,10357
2016/4/29,43,4,39,10396
2016/4/30,42,10,32,10428
2016/5/1,53,5,48,10476
2016/5/2,25,7,18,10494
2016/5/3,56,10,46,10540
2016/5/4,53,13,40,10580
2016/5/5,46,10,36,10616
2016/5/6,42,13,29,10645
2016/5/7,46,11,35,10680
2016/5/8,44,11,33,10713
2016/5/9,68,20,48,10761
2016/5/10,40,13,27,10788
2016/5/11,56,9,47,10835
2016/5/12,54,9,45,10880
2016/5/13,48,11,37,10917
2016/5/14,29,7,22,10939
2016/5/15,37,14,23,10962
2016/5/16,55,9,46,11008
2016/5/17,44,8,36,11044
2016/5/18,51,15,36,11080
2016/5/19,49,7,42,11122
2016/5/20,22,7,15,11137
2016/5/21,30,11,19,11156
2016/5/22,35,8,27,11183
2016/5/23,43,4,39,11222
2016/5/24,32,9,23,11245
2016/5/25,30,20,10,11255
2016/5/26,51,7,44,11299
2016/5/27,75,19,56,11355
2016/5/28,38,8,30,11385
2016/5/29,38,13,25,11410
2016/5/30,38,10,28,11438
2016/5/31,44,9,35,11473
2016/6/1,26,10,16,11489
2016/6/2,37,12,25,11514
2016/6/3,44,10,34,11548
2016/6/4,27,8,19,11567
2016/6/5,27,9,18,11585
2016/6/6,76,19,57,11642
2016/6/7,47,17,30,11672
2016/6/8,36,6,30,11702
2016/6/9,54,8,46,11748
2016/6/10,43,14,29,11777
2016/6/11,40,8,32,11809
2016/6/12,46,16,30,11839
2016/6/13,52,14,38,11877
2016/6/14,47,7,40,11917
2016/6/15,32,10,22,11939
2016/6/16,27,6,21,11960
2016/6/17,32,9,23,11983
2016/6/18,28,6,22,12005
2016/6/19,24,8,16,12021
2016/6/20,35,8,27,12048
2016/6/21,40,25,15,12063
2016/6/22,38,7,31,12094
2016/6/23,37,10,27,12121
2016/6/24,38,5,33,12154
2016/6/25,16,14,2,12156
2016/6/26,69,5,64,12220
2016/6/27,28,10,18,12238
2016/6/28,34,6,28,12266
2016/6/29,30,9,21,12287
2016/6/30,27,6,21,12308
2016/7/1,41,12,29,12337
2016/7/2,61,12,49,12386
2016/7/3,52,7,45,12431
2016/7/4,45,17,28,12459
2016/7/5,34,13,21,12480
2016/7/6,20,5,15,12495
2016/7/7,20,11,9,12504
2016/7/8,24,5,19,12523
2016/7/9,15,8,7,12530
2016/7/10,59,17,42,12572
2016/7/11,36,9,27,12599
2016/7/12,43,8,35,12634
2016/7/13,32,4,28,12662
2016/7/14,24,10,14,12676
2016/7/15,28,6,22,12698
2016/7/16,23,10,13,12711
2016/7/17,24,4,20,12731
2016/7/18,28,7,21,12752
2016/7/19,26,10,16,12768
2016/7/20,26,1,25,12793
2016/7/21,19,8,11,12804
2016/7/22,27,7,20,12824
2016/7/23,33,13,20,12844
2016/7/24,50,15,35,12879
2016/7/25,43,8,35,12914
2016/7/26,30,7,23,12937
2016/7/27,25,7,18,12955
2016/7/28,27,10,17,12972
2016/7/29,23,5,18,12990
2016/7/30,10,3,7,12997
2016/7/31,23,6,17,13014
2016/8/1,29,6,23,13037
2016/8/2,24,5,19,13056
2016/8/3,31,11,20,13076
2016/8/4,18,6,12,13088
2016/8/5,35,16,19,13107
2016/8/6,19,5,14,13121
2016/8/7,20,5,15,13136
2016/8/8,25,1,24,13160
2016/8/9,18,2,16,13176
2016/8/10,31,7,24,13200
2016/8/11,44,7,37,13237
2016/8/12,29,7,22,13259
2016/8/13,22,9,13,13272
2016/8/14,24,9,15,13287
2016/8/15,44,10,34,13321
2016/8/16,51,6,45,13366
2016/8/17,27,7,20,13386
2016/8/18,19,12,7,13393
2016/8/19,24,7,17,13410
2016/8/20,31,8,23,13433
2016/8/21,22,11,11,13444
2016/8/22,33,10,23,13467
2016/8/23,36,14,22,13489
2016/8/24,37,10,27,13516
2016/8/25,35,9,26,13542
2016/8/26,30,9,21,13563
2016/8/27,23,13,10,13573
2016/8/28,33,12,21,13594
2016/8/29,44,9,35,13629
2016/8/30,47,15,32,13661
2016/8/31,31,11,20,13681
2016/9/1,43,13,30,13711
2016/9/2,37,13,24,13735
2016/9/3,40,11,29,13764
2016/9/4,42,12,30,13794
2016/9/5,37,10,27,13821
2016/9/6,50,13,37,13858
2016/9/7,49,10,39,13897
2016/9/8,41,8,33,13930
2016/9/9,33,13,20,13950
2016/9/10,23,9,14,13964
2016/9/11,41,12,29,13993
2016/9/12,45,6,39,14032
2016/9/13,54,4,50,14082
2016/9/14,29,11,18,14100
2016/9/15,17,7,10,14110
2016/9/16,23,8,15,14125
2016/9/17,27,9,18,14143
2016/9/18,29,8,21,14164
2016/9/19,40,15,25,14189
2016/9/20,36,5,31,14220
2016/9/21,46,10,36,14256
2016/9/22,31,16,15,14271
2016/9/23,69,9,60,14331
2016/9/24,29,7,22,14353
2016/9/25,35,7,28,14381
2016/9/26,38,11,27,14408
2016/9/27,71,9,62,14470
2016/9/28,61,11,50,14520
2016/9/29,37,14,23,14543
2016/9/30,29,5,24,14567
2016/10/1,15,8,7,14574
2016/10/2,29,12,17,14591
2016/10/3,38,11,27,14618
2016/10/4,29,12,17,14635
2016/10/5,23,10,13,14648
2016/10/6,37,10,27,14675
2016/10/7,66,20,46,14721
2016/10/8,9,9,0,14721
2016/10/9,3,13,-10,14711
2016/10/10,6,9,-3,14708
2016/10/11,7,10,-3,14705
2016/10/12,7,11,-4,14701
2016/10/13,20,22,-2,14699
2016/10/14,8,13,-5,14694
2016/10/15,30,7,23,14717
2016/10/16,19,11,8,14725
2016/10/17,29,18,11,14736
2016/10/18,26,11,15,14751
2016/10/19,9,19,-10,14741
2016/10/20,7,11,-4,14737
2016/10/21,19,14,5,14742
2016/10/22,42,16,26,14768
2016/10/23,3,11,-8,14760
2016/10/24,9,10,-1,14759
2016/10/25,20,12,8,14767
2016/10/26,11,11,0,14767
2016/10/27,11,10,1,14768
2016/10/28,6,11,-5,14763
2016/10/29,17,13,4,14767
2016/10/30,28,11,17,14784
2016/10/31,24,17,7,14791
2016/11/1,13,13,0,14791
2016/11/2,11,15,-4,14787
2016/11/3,9,9,0,14787
2016/11/4,7,20,-13,14774
2016/11/5,9,13,-4,14770
2016/11/6,10,18,-8,14762
2016/11/7,7,11,-4,14758
2016/11/8,5,14,-9,14749
2016/11/9,9,4,5,14754
2016/11/10,14,9,5,14759
2016/11/11,5,11,-6,14753
2016/11/12,4,6,-2,14751
2016/11/13,4,11,-7,14744
2016/11/14,7,9,-2,14742
2016/11/15,10,9,1,14743
2016/11/16,2,7,-5,14738
2016/11/17,6,13,-7,14731
2016/11/18,3,6,-3,14728
2016/11/19,4,8,-4,14724
2016/11/20,5,12,-7,14717
2016/11/21,9,19,-10,14707
2016/11/22,4,12,-8,14699
2016/11/23,7,12,-5,14694
2016/11/24,7,14,-7,14687
2016/11/25,4,11,-7,14680
2016/11/26,6,9,-3,14677
2016/11/27,4,16,-12,14665
2016/11/28,14,20,-6,14659
2016/11/29,20,15,5,14664
2016/11/30,10,11,-1,14663
2016/12/1,6,9,-3,14660
2016/12/2,6,7,-1,14659
2016/12/3,42,16,26,14685
2016/12/4,20,11,9,14694
2016/12/5,14,12,2,14696
2016/12/6,19,12,7,14703
2016/12/7,7,7,0,14703
2016/12/8,8,9,-1,14702
2016/12/9,3,5,-2,14700
2016/12/10,8,10,-2,14698
2016/12/11,5,10,-5,14693
2016/12/12,4,7,-3,14690
2016/12/13,17,20,-3,14687
2016/12/14,9,15,-6,14681
2016/12/15,14,14,0,14681
2016/12/16,9,15,-6,14675
2016/12/17,16,9,7,14682
2016/12/18,26,25,1,14683
2016/12/19,10,14,-4,14679
2016/12/20,9,8,1,14680
2016/12/21,20,14,6,14686
2016/12/22,11,8,3,14689
2016/12/23,9,12,-3,14686
2016/12/24,16,7,9,14695
2016/12/25,7,14,-7,14688
2016/12/26,8,10,-2,14686
2016/12/27,10,4,6,14692
2016/12/28,20,5,15,14707
2016/12/29,12,13,-1,14706
2016/12/30,8,14,-6,14700
2016/12/31,3,7,-4,14696
2017/1/1,6,4,2,14698
2017/1/2,7,9,-2,14696
2017/1/3,11,10,1,14697
2017/1/4,14,7,7,14704
2017/1/5,12,10,2,14706
2017/1/6,17,2,15,14721
2017/1/7,6,6,0,14721
2017/1/8,6,6,0,14721
2017/1/9,11,7,4,14725
2017/1/10,8,10,-2,14723
2017/1/11,2,10,-8,14715
2017/1/12,2,4,-2,14713
2017/1/13,7,11,-4,14709
2017/1/14,5,16,-11,14698
2017/1/15,7,10,-3,14695
2017/1/16,2,4,-2,14693
2017/1/17,12,7,5,14698
2017/1/18,9,10,-1,14697
2017/1/19,11,14,-3,14694
2017/1/20,5,8,-3,14691
2017/1/21,6,8,-2,14689
2017/1/22,12,7,5,14694
2017/1/23,6,3,3,14697
2017/1/24,9,11,-2,14695
2017/1/25,4,7,-3,14692
2017/1/26,3,4,-1,14691
2017/1/27,3,4,-1,14690
2017/1/28,2,10,-8,14682
2017/1/29,4,7,-3,14679
2017/1/30,9,9,0,14679
2017/1/31,4,3,1,14680
2017/2/1,8,4,4,14684
2017/2/2,9,9,0,14684
2017/2/3,10,5,5,14689
2017/2/4,7,12,-5,14684
2017/2/5,6,5,1,14685
2017/2/6,7,12,-5,14680
2017/2/7,14,6,8,14688
2017/2/8,10,9,1,14689
2017/2/9,9,6,3,14692
2017/2/10,24,13,11,14703
2017/2/11,7,9,-2,14701
2017/2/12,7,8,-1,14700
2017/2/13,11,8,3,14703
2017/2/14,11,7,4,14707
2017/2/15,10,5,5,14712
2017/2/16,12,19,-7,14705
2017/2/17,11,11,0,14705
2017/2/18,11,8,3,14708
2017/2/19,11,4,7,14715
2017/2/20,18,7,11,14726
2017/2/21,13,11,2,14728
2017/2/22,14,10,4,14732
2017/2/23,15,13,2,14734
2017/2/24,24,2,22,14756
2017/2/25,13,7,6,14762
2017/2/26,12,6,6,14768
2017/2/27,20,6,14,14782
2017/2/28,15,11,4,14786
2017/3/1,14,9,5,14791
2017/3/2,13,10,3,14794
2017/3/3,10,9,1,14795
2017/3/4,16,7,9,14804
2017/3/5,25,12,13,14817
2017/3/6,20,10,10,14827
2017/3/7,11,11,0,14827
2017/3/8,38,13,25,14852
2017/3/9,12,11,1,14853
2017/3/10,35,8,27,14880
2017/3/11,13,6,7,14887
2017/3/12,12,11,1,14888
2017/3/13,13,17,-4,14884
2017/3/14,19,15,4,14888
2017/3/15,18,15,3,14891
2017/3/16,16,21,-5,14886
2017/3/17,16,13,3,14889
2017/3/18,13,11,2,14891
2017/3/19,18,12,6,14897
2017/3/20,17,9,8,14905
2017/3/21,12,20,-8,14897
2017/3/22,19,10,9,14906
2017/3/23,13,9,4,14910
2017/3/24,9,8,1,14911
2017/3/25,8,11,-3,14908
2017/3/26,10,11,-1,14907
2017/3/27,17,12,5,14912
2017/3/28,7,13,-6,14906
2017/3/29,9,9,0,14906
2017/3/30,14,9,5,14911
2017/3/31,8,8,0,14911
2017/4/1,10,17,-7,14904
2017/4/2,8,8,0,14904
2017/4/3,9,4,5,14909
2017/4/4,12,6,6,14915
2017/4/5,15,7,8,14923
2017/4/6,10,10,0,14923
2017/4/7,16,8,8,14931
2017/4/8,10,12,-2,14929
2017/4/9,12,15,-3,14926
2017/4/10,22,6,16,14942
2017/4/11,22,13,9,14951
2017/4/12,25,40,-15,14936
2017/4/13,15,14,1,14937
2017/4/14,30,7,23,14960
2017/4/15,8,9,-1,14959
2017/4/16,9,10,-1,14958
2017/4/17,11,12,-1,14957
2017/4/18,11,14,-3,14954
2017/4/19,16,15,1,14955
2017/4/20,12,12,0,14955
2017/4/21,13,7,6,14961
2017/4/22,20,11,9,14970
2017/4/23,9,6,3,14973
2017/4/24,18,13,5,14978
2017/4/25,12,11,1,14979
2017/4/26,11,13,-2,14977
2017/4/27,13,14,-1,14976
2017/4/28,8,6,2,14978
2017/4/29,11,7,4,14982
2017/4/30,10,11,-1,14981
2017/5/1,8,6,2,14983
2017/5/2,11,8,3,14986
2017/5/3,21,23,-2,14984
2017/5/4,13,20,-7,14977
2017/5/5,10,4,6,14983
2017/5/6,5,8,-3,14980
2017/5/7,15,11,4,14984
2017/5/8,10,15,-5,14979
2017/5/9,18,9,9,14988
2017/5/10,14,10,4,14992
2017/5/11,7,11,-4,14988
2017/5/12,8,11,-3,14985
2017/5/13,11,11,0,14985
2017/5/14,9,7,2,14987
2017/5/15,10,6,4,14991
2017/5/16,6,10,-4,14987
2017/5/17,7,8,-1,14986
2017/5/18,13,17,-4,14982
2017/5/19,12,11,1,14983
2017/5/20,8,7,1,14984
2017/5/21,8,12,-4,14980
2017/5/22,22,18,4,14984
2017/5/23,62,12,50,15034
2017/5/24,48,9,39,15073
2017/5/25,33,13,20,15093
2017/5/26,40,7,33,15126
2017/5/27,23,6,17,15143
2017/5/28,15,19,-4,15139
2017/5/29,15,10,5,15144
2017/5/30,18,6,12,15156
2017/5/31,37,10,27,15183
2017/6/1,45,6,39,15222
2017/6/2,49,13,36,15258
2017/6/3,49,19,30,15288
2017/6/4,38,12,26,15314
2017/6/5,47,8,39,15353
2017/6/6,57,12,45,15398
2017/6/7,46,15,31,15429
2017/6/8,32,14,18,15447
2017/6/9,34,9,25,15472
2017/6/10,30,12,18,15490
2017/6/11,38,16,22,15512
2017/6/12,36,12,24,15536
2017/6/13,39,18,21,15557
2017/6/14,22,15,7,15564
2017/6/15,33,14,19,15583
2017/6/16,38,18,20,15603
2017/6/17,23,3,20,15623
2017/6/18,26,6,20,15643
2017/6/19,41,15,26,15669
2017/6/20,31,15,16,15685
2017/6/21,44,10,34,15719
2017/6/22,25,11,14,15733
2017/6/23,10,3,7,15740
2017/6/24,16,6,10,15750
2017/6/25,22,10,12,15762
2017/6/26,22,8,14,15776
2017/6/27,26,14,12,15788
2017/6/28,28,9,19,15807
2017/6/29,24,10,14,15821
2017/6/30,20,12,8,15829
2017/7/1,22,7,15,15844
2017/7/2,18,5,13,15857
2017/7/3,31,9,22,15879
2017/7/4,35,11,24,15903
2017/7/5,28,12,16,15919
2017/7/6,39,6,33,15952
2017/7/7,36,14,22,15974
2017/7/8,25,9,16,15990
2017/7/9,28,8,20,16010
2017/7/10,24,10,14,16024
2017/7/11,29,11,18,16042
2017/7/12,35,12,23,16065
2017/7/13,38,9,29,16094
2017/7/14,24,7,17,16111
2017/7/15,26,13,13,16124
2017/7/16,34,16,18,16142
2017/7/17,31,10,21,16163
2017/7/18,31,18,13,16176
2017/7/19,59,10,49,16225
2017/7/20,51,13,38,16263
2017/7/21,31,9,22,16285
2017/7/22,29,13,16,16301
2017/7/23,35,11,24,16325
2017/7/24,45,15,30,16355
2017/7/25,31,11,20,16375
2017/7/26,36,16,20,16395
2017/7/27,48,21,27,16422
2017/7/28,24,5,19,16441
2017/7/29,54,10,44,16485
2017/7/30,33,6,27,16512
2017/7/31,42,12,30,16542
2017/8/1,51,5,46,16588
2017/8/2,24,5,19,16607
2017/8/3,42,6,36,16643
2017/8/4,39,9,30,16673
2017/8/5,29,7,22,16695
2017/8/6,31,19,12,16707
2017/8/7,42,12,30,16737
2017/8/8,34,19,15,16752
2017/8/9,35,10,25,16777
2017/8/10,31,9,22,16799
2017/8/11,31,7,24,16823
2017/8/12,19,9,10,16833
2017/8/13,33,5,28,16861
2017/8/14,38,6,32,16893
2017/8/15,41,19,22,16915
2017/8/16,42,11,31,16946
2017/8/17,35,15,20,16966
2017/8/18,33,4,29,16995
2017/8/19,21,4,17,17012
2017/8/20,22,8,14,17026
2017/8/21,36,15,21,17047
2017/8/22,29,15,14,17061
2017/8/23,32,14,18,17079
2017/8/24,39,6,33,17112
2017/8/25,23,9,14,17126
2017/8/26,30,10,20,17146
2017/8/27,40,18,22,17168
2017/8/28,34,7,27,17195
2017/8/29,41,5,36,17231
2017/8/30,43,11,32,17263
2017/8/31,32,13,19,17282
2017/9/1,27,12,15,17297
2017/9/2,23,9,14,17311
2017/9/3,24,14,10,17321
2017/9/4,49,13,36,17357
2017/9/5,42,10,32,17389
2017/9/6,34,18,16,17405
2017/9/7,36,11,25,17430
2017/9/8,25,5,20,17450
2017/9/9,31,12,19,17469
2017/9/10,34,10,24,17493
2017/9/11,34,16,18,17511
2017/9/12,55,16,39,17550
2017/9/13,52,11,41,17591
2017/9/14,34,12,22,17613
2017/9/15,34,21,13,17626
2017/9/16,29,6,23,17649
2017/9/17,31,14,17,17666
2017/9/18,31,9,22,17688
2017/9/19,28,13,15,17703
2017/9/20,25,7,18,17721
2017/9/21,22,16,6,17727
2017/9/22,25,19,6,17733
2017/9/23,23,8,15,17748
2017/9/24,24,12,12,17760
2017/9/25,39,7,32,17792
2017/9/26,30,9,21,17813
2017/9/27,30,8,22,17835
2017/9/28,39,15,24,17859
2017/9/29,22,5,17,17876
2017/9/30,12,8,4,17880
2017/10/1,14,5,9,17889
2017/10/2,16,6,10,17899
2017/10/3,20,5,15,17914
2017/10/4,27,3,24,17938
2017/10/5,15,10,5,17943
2017/10/6,20,6,14,17957
2017/10/7,21,8,13,17970
2017/10/8,25,17,8,17978
2017/10/9,36,20,16,17994
2017/10/10,22,18,4,17998
2017/10/11,45,11,34,18032
2017/10/12,23,12,11,18043
2017/10/13,35,11,24,18067
2017/10/14,23,8,15,18082
2017/10/15,25,13,12,18094
2017/10/16,26,10,16,18110
2017/10/17,38,7,31,18141
2017/10/18,27,6,21,18162
2017/10/19,41,12,29,18191
2017/10/20,27,12,15,18206
2017/10/21,21,18,3,18209
2017/10/22,30,8,22,18231
2017/10/23,71,9,62,18293
2017/10/24,82,10,72,18365
2017/10/25,50,15,35,18400
2017/10/26,44,8,36,18436
2017/10/27,51,9,42,18478
2017/10/28,29,15,14,18492
2017/10/29,32,8,24,18516
2017/10/30,29,13,16,18532
2017/10/31,43,7,36,18568
2017/11/1,47,6,41,18609
2017/11/2,44,8,36,18645
2017/11/3,35,13,22,18667
2017/11/4,23,4,19,18686
2017/11/5,19,7,12,18698
2017/11/6,41,8,33,18731
2017/11/7,103,22,81,18812
2017/11/8,40,7,33,18845
2017/11/9,28,5,23,18868
2017/11/10,19,6,13,18881
2017/11/11,18,5,13,18894
2017/11/12,23,7,16,18910
2017/11/13,38,12,26,18936
2017/11/14,28,6,22,18958
2017/11/15,36,7,29,18987
2017/11/16,51,6,45,19032
2017/11/17,55,9,46,19078
2017/11/18,30,10,20,19098
2017/11/19,23,7,16,19114
2017/11/20,38,11,27,19141
2017/11/21,37,9,28,19169
2017/11/22,34,14,20,19189
2017/11/23,88,22,66,19255
2017/11/24,20,14,6,19261
2017/11/25,32,6,26,19287
2017/11/26,24,12,12,19299
2017/11/27,31,13,18,19317
2017/11/28,39,7,32,19349
2017/11/29,40,9,31,19380
2017/11/30,47,9,38,19418
2017/12/1,31,8,23,19441
2017/12/2,33,10,23,19464
2017/12/3,18,6,12,19476
2017/12/4,36,10,26,19502
2017/12/5,49,11,38,19540
2017/12/6,38,15,23,19563
2017/12/7,31,16,15,19578
2017/12/8,31,12,19,19597
2017/12/9,26,10,16,19613
2017/12/10,32,6,26,19639
2017/12/11,31,6,25,19664
2017/12/12,22,5,17,19681
2017/12/13,39,17,22,19703
2017/12/14,40,17,23,19726
2017/12/15,44,15,29,19755
2017/12/16,25,15,10,19765
2017/12/17,27,18,9,19774
2017/12/18,38,5,33,19807
2017/12/19,33,13,20,19827
2017/12/20,58,5,53,19880
2017/12/21,43,11,32,19912
2017/12/22,27,9,18,19930
2017/12/23,28,8,20,19950
2017/12/24,30,6,24,19974
2017/12/25,29,8,21,19995
2017/12/26,32,12,20,20015
2017/12/27,38,11,27,20042
2017/12/28,53,8,45,20087
2017/12/29,28,10,18,20105
2017/12/30,21,6,15,20120
2017/12/31,17,14,3,20123
2018/1/1,20,9,11,20134
2018/1/2,34,13,21,20155
2018/1/3,33,12,21,20176
2018/1/4,43,12,31,20207
2018/1/5,29,9,20,20227
2018/1/6,25,9,16,20243
2018/1/7,23,8,15,20258
2018/1/8,33,9,24,20282
2018/1/9,20,9,11,20293
2018/1/10,16,7,9,20302
2018/1/11,25,12,13,20315
2018/1/12,23,5,18,20333
2018/1/13,23,12,11,20344
2018/1/14,21,7,14,20358
2018/1/15,13,11,2,20360
2018/1/16,20,13,7,20367
2018/1/17,32,7,25,20392
2018/1/18,29,13,16,20408
2018/1/19,23,12,11,20419
2018/1/20,22,13,9,20428
2018/1/21,23,8,15,20443
2018/1/22,16,10,6,20449
2018/1/23,16,7,9,20458
2018/1/24,21,7,14,20472
2018/1/25,23,6,17,20489
2018/1/26,25,11,14,20503
2018/1/27,24,11,13,20516
2018/1/28,14,14,0,20516
2018/1/29,21,13,8,20524
2018/1/30,27,17,10,20534
2018/1/31,30,13,17,20551
2018/2/1,21,7,14,20565
2018/2/2,34,11,23,20588
2018/2/3,10,13,-3,20585
2018/2/4,17,13,4,20589
2018/2/5,10,5,5,20594
2018/2/6,18,13,5,20599
2018/2/7,21,8,13,20612
2018/2/8,30,6,24,20636
2018/2/9,10,9,1,20637
2018/2/10,18,5,13,20650
2018/2/11,6,5,1,20651
2018/2/12,12,9,3,20654
2018/2/13,7,4,3,20657
2018/2/14,8,7,1,20658
2018/2/15,4,3,1,20659
2018/2/16,7,2,5,20664
2018/2/17,12,2,10,20674
2018/2/18,12,8,4,20678
2018/2/19,12,6,6,20684
2018/2/20,10,7,3,20687
2018/2/21,6,11,-5,20682
2018/2/22,9,10,-1,20681
2018/2/23,11,8,3,20684
2018/2/24,9,7,2,20686
2018/2/25,12,6,6,20692
2018/2/26,20,9,11,20703
2018/2/27,18,12,6,20709
2018/2/28,12,7,5,20714
2018/3/1,16,9,7,20721
2018/3/2,26,13,13,20734
2018/3/3,17,15,2,20736
2018/3/4,21,5,16,20752
2018/3/5,32,14,18,20770
2018/3/6,34,14,20,20790
2018/3/7,28,12,16,20806
2018/3/8,36,3,33,20839
2018/3/9,23,8,15,20854
2018/3/10,21,10,11,20865
2018/3/11,20,9,11,20876
2018/3/12,37,22,15,20891
2018/3/13,27,10,17,20908
2018/3/14,44,9,35,20943
2018/3/15,27,11,16,20959
2018/3/16,30,17,13,20972
2018/3/17,24,10,14,20986
2018/3/18,25,9,16,21002
2018/3/19,29,12,17,21019
2018/3/20,34,8,26,21045
2018/3/21,33,24,9,21054
2018/3/22,41,17,24,21078
2018/3/23,27,14,13,21091
2018/3/24,21,11,10,21101
2018/3/25,31,10,21,21122
2018/3/26,34,22,12,21134
2018/3/27,33,22,11,21145
2018/3/28,32,9,23,21168
2018/3/29,30,25,5,21173
2018/3/30,28,18,10,21183
2018/3/31,22,12,10,21193
2018/4/1,25,5,20,21213
